target,pose_rank,affinity,cnnscore,minimizedAffinity,file
5HT2A_active_6WGT,1,,,,data/results/dock_5HT2A_active_6WGT/poses.sdf
5HT2A_active_6WGT,2,,,,data/results/dock_5HT2A_active_6WGT/poses.sdf
5HT2A_active_6WGT,3,,,,data/results/dock_5HT2A_active_6WGT/poses.sdf
5HT2A_active_6WGT,4,,,,data/results/dock_5HT2A_active_6WGT/poses.sdf
5HT2A_active_6WGT,5,,,,data/results/dock_5HT2A_active_6WGT/poses.sdf
5HT2A_active_6WGT,6,,,,data/results/dock_5HT2A_active_6WGT/poses.sdf
5HT2A_active_6WGT,7,,,,data/results/dock_5HT2A_active_6WGT/poses.sdf
5HT2A_active_6WGT,8,,,,data/results/dock_5HT2A_active_6WGT/poses.sdf
5HT2A_active_6WGT,9,,,,data/results/dock_5HT2A_active_6WGT/poses.sdf
5HT2A_active_6WGT,10,,,,data/results/dock_5HT2A_active_6WGT/poses.sdf
5HT2A_active_6WGT,11,,,,data/results/dock_5HT2A_active_6WGT/poses.sdf
5HT2A_active_6WGT,12,,,,data/results/dock_5HT2A_active_6WGT/poses.sdf
5HT2A_active_6WGT,13,,,,data/results/dock_5HT2A_active_6WGT/poses.sdf
5HT2A_active_6WGT,14,,,,data/results/dock_5HT2A_active_6WGT/poses.sdf
5HT2A_active_6WGT,15,,,,data/results/dock_5HT2A_active_6WGT/poses.sdf
5HT2A_active_6WGT,16,,,,data/results/dock_5HT2A_active_6WGT/poses.sdf
5HT2A_active_6WGT,17,,,,data/results/dock_5HT2A_active_6WGT/poses.sdf
5HT2A_active_6WGT,18,,,,data/results/dock_5HT2A_active_6WGT/poses.sdf
5HT2A_active_6WGT,19,,,,data/results/dock_5HT2A_active_6WGT/poses.sdf
5HT2A_active_6WGT,20,,,,data/results/dock_5HT2A_active_6WGT/poses.sdf
5HT2A_active_6WGT,21,,,,data/results/dock_5HT2A_active_6WGT/poses.sdf
5HT2A_active_6WGT,22,,,,data/results/dock_5HT2A_active_6WGT/poses.sdf
5HT2A_active_6WGT,23,,,,data/results/dock_5HT2A_active_6WGT/poses.sdf
5HT2A_active_6WGT,24,,,,data/results/dock_5HT2A_active_6WGT/poses.sdf
5HT2A_active_6WGT,25,,,,data/results/dock_5HT2A_active_6WGT/poses.sdf
5HT2A_active_6WGT,26,,,,data/results/dock_5HT2A_active_6WGT/poses.sdf
5HT2A_active_6WGT,27,,,,data/results/dock_5HT2A_active_6WGT/poses.sdf
5HT2A_active_6WGT,28,,,,data/results/dock_5HT2A_active_6WGT/poses.sdf
5HT2A_active_6WGT,29,,,,data/results/dock_5HT2A_active_6WGT/poses.sdf
5HT2A_active_6WGT,30,,,,data/results/dock_5HT2A_active_6WGT/poses.sdf
5HT2A_active_6WGT,31,,,,data/results/dock_5HT2A_active_6WGT/poses.sdf
5HT2A_active_6WGT,32,,,,data/results/dock_5HT2A_active_6WGT/poses.sdf
5HT2A_active_6WGT,33,,,,data/results/dock_5HT2A_active_6WGT/poses.sdf
5HT2A_active_6WGT,34,,,,data/results/dock_5HT2A_active_6WGT/poses.sdf
5HT2A_active_6WGT,35,,,,data/results/dock_5HT2A_active_6WGT/poses.sdf
5HT2A_active_6WGT,36,,,,data/results/dock_5HT2A_active_6WGT/poses.sdf
5HT2A_active_6WGT,37,,,,data/results/dock_5HT2A_active_6WGT/poses.sdf
5HT2A_active_6WGT,38,,,,data/results/dock_5HT2A_active_6WGT/poses.sdf
5HT2A_active_6WGT,39,,,,data/results/dock_5HT2A_active_6WGT/poses.sdf
5HT2A_active_6WGT,40,,,,data/results/dock_5HT2A_active_6WGT/poses.sdf
5HT2A_active_6WGT,41,,,,data/results/dock_5HT2A_active_6WGT/poses.sdf
5HT2A_active_6WGT,42,,,,data/results/dock_5HT2A_active_6WGT/poses.sdf
5HT2A_active_6WGT,43,,,,data/results/dock_5HT2A_active_6WGT/poses.sdf
5HT2A_active_6WGT,44,,,,data/results/dock_5HT2A_active_6WGT/poses.sdf
5HT2A_active_6WGT,45,,,,data/results/dock_5HT2A_active_6WGT/poses.sdf
5HT2A_active_6WGT,46,,,,data/results/dock_5HT2A_active_6WGT/poses.sdf
5HT2A_active_6WGT,47,,,,data/results/dock_5HT2A_active_6WGT/poses.sdf
5HT2A_active_6WGT,48,,,,data/results/dock_5HT2A_active_6WGT/poses.sdf
5HT2A_active_6WGT,49,,,,data/results/dock_5HT2A_active_6WGT/poses.sdf
5HT2A_active_6WGT,50,,,,data/results/dock_5HT2A_active_6WGT/poses.sdf
5HT2A_active_6WGT,51,,,,data/results/dock_5HT2A_active_6WGT/poses.sdf
5HT2A_active_6WGT,52,,,,data/results/dock_5HT2A_active_6WGT/poses.sdf
5HT2A_active_6WGT,53,,,,data/results/dock_5HT2A_active_6WGT/poses.sdf
5HT2A_active_6WGT,54,,,,data/results/dock_5HT2A_active_6WGT/poses.sdf
5HT2A_active_6WGT,55,,,,data/results/dock_5HT2A_active_6WGT/poses.sdf
5HT2A_active_6WGT,56,,,,data/results/dock_5HT2A_active_6WGT/poses.sdf
5HT2A_active_6WGT,57,,,,data/results/dock_5HT2A_active_6WGT/poses.sdf
5HT2A_active_6WGT,58,,,,data/results/dock_5HT2A_active_6WGT/poses.sdf
5HT2A_active_6WGT,59,,,,data/results/dock_5HT2A_active_6WGT/poses.sdf
5HT2A_active_6WGT,60,,,,data/results/dock_5HT2A_active_6WGT/poses.sdf
5HT2A_active_6WGT,61,,,,data/results/dock_5HT2A_active_6WGT/poses.sdf
5HT2A_active_6WGT,62,,,,data/results/dock_5HT2A_active_6WGT/poses.sdf
5HT2A_active_6WGT,63,,,,data/results/dock_5HT2A_active_6WGT/poses.sdf
5HT2A_active_6WGT,64,,,,data/results/dock_5HT2A_active_6WGT/poses.sdf
5HT2A_active_6WGT,65,,,,data/results/dock_5HT2A_active_6WGT/poses.sdf
5HT2A_active_6WGT,66,,,,data/results/dock_5HT2A_active_6WGT/poses.sdf
5HT2A_active_6WGT,67,,,,data/results/dock_5HT2A_active_6WGT/poses.sdf
5HT2A_active_6WGT,68,,,,data/results/dock_5HT2A_active_6WGT/poses.sdf
5HT2A_active_6WGT,69,,,,data/results/dock_5HT2A_active_6WGT/poses.sdf
5HT2A_active_6WGT,70,,,,data/results/dock_5HT2A_active_6WGT/poses.sdf
5HT2A_active_6WGT,71,,,,data/results/dock_5HT2A_active_6WGT/poses.sdf
5HT2A_active_6WGT,72,,,,data/results/dock_5HT2A_active_6WGT/poses.sdf
5HT2A_active_6WGT,73,,,,data/results/dock_5HT2A_active_6WGT/poses.sdf
5HT2A_active_6WGT,74,,,,data/results/dock_5HT2A_active_6WGT/poses.sdf
5HT2A_active_6WGT,75,,,,data/results/dock_5HT2A_active_6WGT/poses.sdf
5HT2A_active_6WGT,76,,,,data/results/dock_5HT2A_active_6WGT/poses.sdf
5HT2A_active_6WGT,77,,,,data/results/dock_5HT2A_active_6WGT/poses.sdf
5HT2A_active_6WGT,78,,,,data/results/dock_5HT2A_active_6WGT/poses.sdf
5HT2A_active_6WGT,79,,,,data/results/dock_5HT2A_active_6WGT/poses.sdf
5HT2A_active_6WGT,80,,,,data/results/dock_5HT2A_active_6WGT/poses.sdf
5HT2A_active_6WGT,81,,,,data/results/dock_5HT2A_active_6WGT/poses.sdf
5HT2A_active_6WGT,82,,,,data/results/dock_5HT2A_active_6WGT/poses.sdf
5HT2A_active_6WGT,83,,,,data/results/dock_5HT2A_active_6WGT/poses.sdf
5HT2A_active_6WGT,84,,,,data/results/dock_5HT2A_active_6WGT/poses.sdf
5HT2A_active_6WGT,85,,,,data/results/dock_5HT2A_active_6WGT/poses.sdf
5HT2A_active_6WGT,86,,,,data/results/dock_5HT2A_active_6WGT/poses.sdf
5HT2A_active_6WGT,87,,,,data/results/dock_5HT2A_active_6WGT/poses.sdf
5HT2A_active_6WGT,88,,,,data/results/dock_5HT2A_active_6WGT/poses.sdf
5HT2A_active_6WGT,89,,,,data/results/dock_5HT2A_active_6WGT/poses.sdf
5HT2A_active_6WGT,90,,,,data/results/dock_5HT2A_active_6WGT/poses.sdf
5HT2A_active_6WGT,91,,,,data/results/dock_5HT2A_active_6WGT/poses.sdf
5HT2A_active_6WGT,92,,,,data/results/dock_5HT2A_active_6WGT/poses.sdf
5HT2A_active_6WGT,93,,,,data/results/dock_5HT2A_active_6WGT/poses.sdf
5HT2A_active_6WGT,94,,,,data/results/dock_5HT2A_active_6WGT/poses.sdf
5HT2A_active_6WGT,95,,,,data/results/dock_5HT2A_active_6WGT/poses.sdf
5HT2A_active_6WGT,96,,,,data/results/dock_5HT2A_active_6WGT/poses.sdf
5HT2A_active_6WGT,97,,,,data/results/dock_5HT2A_active_6WGT/poses.sdf
5HT2A_active_6WGT,98,,,,data/results/dock_5HT2A_active_6WGT/poses.sdf
5HT2A_active_6WGT,99,,,,data/results/dock_5HT2A_active_6WGT/poses.sdf
5HT2A_active_6WGT,100,,,,data/results/dock_5HT2A_active_6WGT/poses.sdf
5HT2A_active_6WGT,101,,,,data/results/dock_5HT2A_active_6WGT/poses.sdf
5HT2A_active_6WGT,102,,,,data/results/dock_5HT2A_active_6WGT/poses.sdf
5HT2A_active_6WGT,103,,,,data/results/dock_5HT2A_active_6WGT/poses.sdf
5HT2A_active_6WGT,104,,,,data/results/dock_5HT2A_active_6WGT/poses.sdf
5HT2A_active_6WGT,105,,,,data/results/dock_5HT2A_active_6WGT/poses.sdf
5HT2A_active_6WGT,106,,,,data/results/dock_5HT2A_active_6WGT/poses.sdf
5HT2A_active_6WGT,107,,,,data/results/dock_5HT2A_active_6WGT/poses.sdf
5HT2A_active_6WGT,108,,,,data/results/dock_5HT2A_active_6WGT/poses.sdf
5HT2A_active_6WGT,109,,,,data/results/dock_5HT2A_active_6WGT/poses.sdf
5HT2A_active_6WGT,110,,,,data/results/dock_5HT2A_active_6WGT/poses.sdf
5HT2A_active_6WGT,111,,,,data/results/dock_5HT2A_active_6WGT/poses.sdf
5HT2A_active_6WGT,112,,,,data/results/dock_5HT2A_active_6WGT/poses.sdf
5HT2A_active_6WGT,113,,,,data/results/dock_5HT2A_active_6WGT/poses.sdf
5HT2A_active_6WGT,114,,,,data/results/dock_5HT2A_active_6WGT/poses.sdf
5HT2A_active_6WGT,115,,,,data/results/dock_5HT2A_active_6WGT/poses.sdf
5HT2A_active_6WGT,116,,,,data/results/dock_5HT2A_active_6WGT/poses.sdf
5HT2A_active_6WGT,117,,,,data/results/dock_5HT2A_active_6WGT/poses.sdf
5HT2A_active_6WGT,118,,,,data/results/dock_5HT2A_active_6WGT/poses.sdf
5HT2A_active_6WGT,119,,,,data/results/dock_5HT2A_active_6WGT/poses.sdf
5HT2A_active_6WGT,120,,,,data/results/dock_5HT2A_active_6WGT/poses.sdf
5HT2A_active_7WC5,1,,,,data/results/dock_5HT2A_active_7WC5/poses.sdf
5HT2A_active_7WC5,2,,,,data/results/dock_5HT2A_active_7WC5/poses.sdf
5HT2A_active_7WC5,3,,,,data/results/dock_5HT2A_active_7WC5/poses.sdf
5HT2A_active_7WC5,4,,,,data/results/dock_5HT2A_active_7WC5/poses.sdf
5HT2A_active_7WC5,5,,,,data/results/dock_5HT2A_active_7WC5/poses.sdf
5HT2A_active_7WC5,6,,,,data/results/dock_5HT2A_active_7WC5/poses.sdf
5HT2A_active_7WC5,7,,,,data/results/dock_5HT2A_active_7WC5/poses.sdf
5HT2A_active_7WC5,8,,,,data/results/dock_5HT2A_active_7WC5/poses.sdf
5HT2A_active_7WC5,9,,,,data/results/dock_5HT2A_active_7WC5/poses.sdf
5HT2A_active_7WC5,10,,,,data/results/dock_5HT2A_active_7WC5/poses.sdf
5HT2A_active_7WC5,11,,,,data/results/dock_5HT2A_active_7WC5/poses.sdf
5HT2A_active_7WC5,12,,,,data/results/dock_5HT2A_active_7WC5/poses.sdf
5HT2A_active_7WC5,13,,,,data/results/dock_5HT2A_active_7WC5/poses.sdf
5HT2A_active_7WC5,14,,,,data/results/dock_5HT2A_active_7WC5/poses.sdf
5HT2A_active_7WC5,15,,,,data/results/dock_5HT2A_active_7WC5/poses.sdf
5HT2A_active_7WC5,16,,,,data/results/dock_5HT2A_active_7WC5/poses.sdf
5HT2A_active_7WC5,17,,,,data/results/dock_5HT2A_active_7WC5/poses.sdf
5HT2A_active_7WC5,18,,,,data/results/dock_5HT2A_active_7WC5/poses.sdf
5HT2A_active_7WC5,19,,,,data/results/dock_5HT2A_active_7WC5/poses.sdf
5HT2A_active_7WC5,20,,,,data/results/dock_5HT2A_active_7WC5/poses.sdf
5HT2A_active_7WC5,21,,,,data/results/dock_5HT2A_active_7WC5/poses.sdf
5HT2A_active_7WC5,22,,,,data/results/dock_5HT2A_active_7WC5/poses.sdf
5HT2A_active_7WC5,23,,,,data/results/dock_5HT2A_active_7WC5/poses.sdf
5HT2A_active_7WC5,24,,,,data/results/dock_5HT2A_active_7WC5/poses.sdf
5HT2A_active_7WC5,25,,,,data/results/dock_5HT2A_active_7WC5/poses.sdf
5HT2A_active_7WC5,26,,,,data/results/dock_5HT2A_active_7WC5/poses.sdf
5HT2A_active_7WC5,27,,,,data/results/dock_5HT2A_active_7WC5/poses.sdf
5HT2A_active_7WC5,28,,,,data/results/dock_5HT2A_active_7WC5/poses.sdf
5HT2A_active_7WC5,29,,,,data/results/dock_5HT2A_active_7WC5/poses.sdf
5HT2A_active_7WC5,30,,,,data/results/dock_5HT2A_active_7WC5/poses.sdf
5HT2A_active_7WC5,31,,,,data/results/dock_5HT2A_active_7WC5/poses.sdf
5HT2A_active_7WC5,32,,,,data/results/dock_5HT2A_active_7WC5/poses.sdf
5HT2A_active_7WC5,33,,,,data/results/dock_5HT2A_active_7WC5/poses.sdf
5HT2A_active_7WC5,34,,,,data/results/dock_5HT2A_active_7WC5/poses.sdf
5HT2A_active_7WC5,35,,,,data/results/dock_5HT2A_active_7WC5/poses.sdf
5HT2A_active_7WC5,36,,,,data/results/dock_5HT2A_active_7WC5/poses.sdf
5HT2A_active_7WC5,37,,,,data/results/dock_5HT2A_active_7WC5/poses.sdf
5HT2A_active_7WC5,38,,,,data/results/dock_5HT2A_active_7WC5/poses.sdf
5HT2A_active_7WC5,39,,,,data/results/dock_5HT2A_active_7WC5/poses.sdf
5HT2A_active_7WC5,40,,,,data/results/dock_5HT2A_active_7WC5/poses.sdf
5HT2A_active_7WC5,41,,,,data/results/dock_5HT2A_active_7WC5/poses.sdf
5HT2A_active_7WC5,42,,,,data/results/dock_5HT2A_active_7WC5/poses.sdf
5HT2A_active_7WC5,43,,,,data/results/dock_5HT2A_active_7WC5/poses.sdf
5HT2A_active_7WC5,44,,,,data/results/dock_5HT2A_active_7WC5/poses.sdf
5HT2A_active_7WC5,45,,,,data/results/dock_5HT2A_active_7WC5/poses.sdf
5HT2A_active_7WC5,46,,,,data/results/dock_5HT2A_active_7WC5/poses.sdf
5HT2A_active_7WC5,47,,,,data/results/dock_5HT2A_active_7WC5/poses.sdf
5HT2A_active_7WC5,48,,,,data/results/dock_5HT2A_active_7WC5/poses.sdf
5HT2A_active_7WC5,49,,,,data/results/dock_5HT2A_active_7WC5/poses.sdf
5HT2A_active_7WC5,50,,,,data/results/dock_5HT2A_active_7WC5/poses.sdf
5HT2A_active_7WC5,51,,,,data/results/dock_5HT2A_active_7WC5/poses.sdf
5HT2A_active_7WC5,52,,,,data/results/dock_5HT2A_active_7WC5/poses.sdf
5HT2A_active_7WC5,53,,,,data/results/dock_5HT2A_active_7WC5/poses.sdf
5HT2A_active_7WC5,54,,,,data/results/dock_5HT2A_active_7WC5/poses.sdf
5HT2A_active_7WC5,55,,,,data/results/dock_5HT2A_active_7WC5/poses.sdf
5HT2A_active_7WC5,56,,,,data/results/dock_5HT2A_active_7WC5/poses.sdf
5HT2A_active_7WC5,57,,,,data/results/dock_5HT2A_active_7WC5/poses.sdf
5HT2A_active_7WC5,58,,,,data/results/dock_5HT2A_active_7WC5/poses.sdf
5HT2A_active_7WC5,59,,,,data/results/dock_5HT2A_active_7WC5/poses.sdf
5HT2A_active_7WC5,60,,,,data/results/dock_5HT2A_active_7WC5/poses.sdf
5HT2A_active_7WC5,61,,,,data/results/dock_5HT2A_active_7WC5/poses.sdf
5HT2A_active_7WC5,62,,,,data/results/dock_5HT2A_active_7WC5/poses.sdf
5HT2A_active_7WC5,63,,,,data/results/dock_5HT2A_active_7WC5/poses.sdf
5HT2A_active_7WC5,64,,,,data/results/dock_5HT2A_active_7WC5/poses.sdf
5HT2A_active_7WC5,65,,,,data/results/dock_5HT2A_active_7WC5/poses.sdf
5HT2A_active_7WC5,66,,,,data/results/dock_5HT2A_active_7WC5/poses.sdf
5HT2A_active_7WC5,67,,,,data/results/dock_5HT2A_active_7WC5/poses.sdf
5HT2A_active_7WC5,68,,,,data/results/dock_5HT2A_active_7WC5/poses.sdf
5HT2A_active_7WC5,69,,,,data/results/dock_5HT2A_active_7WC5/poses.sdf
5HT2A_active_7WC5,70,,,,data/results/dock_5HT2A_active_7WC5/poses.sdf
5HT2A_active_7WC5,71,,,,data/results/dock_5HT2A_active_7WC5/poses.sdf
5HT2A_active_7WC5,72,,,,data/results/dock_5HT2A_active_7WC5/poses.sdf
5HT2A_active_7WC5,73,,,,data/results/dock_5HT2A_active_7WC5/poses.sdf
5HT2A_active_7WC5,74,,,,data/results/dock_5HT2A_active_7WC5/poses.sdf
5HT2A_active_7WC5,75,,,,data/results/dock_5HT2A_active_7WC5/poses.sdf
5HT2A_active_7WC5,76,,,,data/results/dock_5HT2A_active_7WC5/poses.sdf
5HT2A_active_7WC5,77,,,,data/results/dock_5HT2A_active_7WC5/poses.sdf
5HT2A_active_7WC5,78,,,,data/results/dock_5HT2A_active_7WC5/poses.sdf
5HT2A_active_7WC5,79,,,,data/results/dock_5HT2A_active_7WC5/poses.sdf
5HT2A_active_7WC5,80,,,,data/results/dock_5HT2A_active_7WC5/poses.sdf
5HT2A_active_7WC5,81,,,,data/results/dock_5HT2A_active_7WC5/poses.sdf
5HT2A_active_7WC5,82,,,,data/results/dock_5HT2A_active_7WC5/poses.sdf
5HT2A_active_7WC5,83,,,,data/results/dock_5HT2A_active_7WC5/poses.sdf
5HT2A_active_7WC5,84,,,,data/results/dock_5HT2A_active_7WC5/poses.sdf
5HT2A_active_7WC5,85,,,,data/results/dock_5HT2A_active_7WC5/poses.sdf
5HT2A_active_7WC5,86,,,,data/results/dock_5HT2A_active_7WC5/poses.sdf
5HT2A_active_7WC5,87,,,,data/results/dock_5HT2A_active_7WC5/poses.sdf
5HT2A_active_7WC5,88,,,,data/results/dock_5HT2A_active_7WC5/poses.sdf
5HT2A_active_7WC5,89,,,,data/results/dock_5HT2A_active_7WC5/poses.sdf
5HT2A_active_7WC5,90,,,,data/results/dock_5HT2A_active_7WC5/poses.sdf
5HT2A_active_7WC5,91,,,,data/results/dock_5HT2A_active_7WC5/poses.sdf
5HT2A_active_7WC5,92,,,,data/results/dock_5HT2A_active_7WC5/poses.sdf
5HT2A_active_7WC5,93,,,,data/results/dock_5HT2A_active_7WC5/poses.sdf
5HT2A_active_7WC5,94,,,,data/results/dock_5HT2A_active_7WC5/poses.sdf
5HT2A_active_7WC5,95,,,,data/results/dock_5HT2A_active_7WC5/poses.sdf
5HT2A_active_7WC5,96,,,,data/results/dock_5HT2A_active_7WC5/poses.sdf
5HT2A_active_7WC5,97,,,,data/results/dock_5HT2A_active_7WC5/poses.sdf
5HT2A_active_7WC5,98,,,,data/results/dock_5HT2A_active_7WC5/poses.sdf
5HT2A_active_7WC5,99,,,,data/results/dock_5HT2A_active_7WC5/poses.sdf
5HT2A_active_7WC5,100,,,,data/results/dock_5HT2A_active_7WC5/poses.sdf
5HT2A_active_7WC5,101,,,,data/results/dock_5HT2A_active_7WC5/poses.sdf
5HT2A_active_7WC5,102,,,,data/results/dock_5HT2A_active_7WC5/poses.sdf
5HT2A_active_7WC5,103,,,,data/results/dock_5HT2A_active_7WC5/poses.sdf
5HT2A_active_7WC5,104,,,,data/results/dock_5HT2A_active_7WC5/poses.sdf
5HT2A_active_7WC5,105,,,,data/results/dock_5HT2A_active_7WC5/poses.sdf
5HT2A_active_7WC5,106,,,,data/results/dock_5HT2A_active_7WC5/poses.sdf
5HT2A_active_7WC5,107,,,,data/results/dock_5HT2A_active_7WC5/poses.sdf
5HT2A_active_7WC5,108,,,,data/results/dock_5HT2A_active_7WC5/poses.sdf
5HT2A_active_7WC5,109,,,,data/results/dock_5HT2A_active_7WC5/poses.sdf
5HT2A_active_7WC5,110,,,,data/results/dock_5HT2A_active_7WC5/poses.sdf
5HT2A_active_7WC5,111,,,,data/results/dock_5HT2A_active_7WC5/poses.sdf
5HT2A_active_7WC5,112,,,,data/results/dock_5HT2A_active_7WC5/poses.sdf
5HT2A_active_7WC5,113,,,,data/results/dock_5HT2A_active_7WC5/poses.sdf
5HT2A_active_7WC5,114,,,,data/results/dock_5HT2A_active_7WC5/poses.sdf
5HT2A_active_7WC5,115,,,,data/results/dock_5HT2A_active_7WC5/poses.sdf
5HT2A_active_7WC5,116,,,,data/results/dock_5HT2A_active_7WC5/poses.sdf
5HT2A_active_7WC5,117,,,,data/results/dock_5HT2A_active_7WC5/poses.sdf
5HT2A_active_7WC5,118,,,,data/results/dock_5HT2A_active_7WC5/poses.sdf
5HT2A_active_7WC5,119,,,,data/results/dock_5HT2A_active_7WC5/poses.sdf
5HT2A_active_7WC5,120,,,,data/results/dock_5HT2A_active_7WC5/poses.sdf
5HT2B_4IB4,1,,,,data/results/dock_5HT2B_4IB4/poses.sdf
5HT2B_4IB4,2,,,,data/results/dock_5HT2B_4IB4/poses.sdf
5HT2B_4IB4,3,,,,data/results/dock_5HT2B_4IB4/poses.sdf
5HT2B_4IB4,4,,,,data/results/dock_5HT2B_4IB4/poses.sdf
5HT2B_4IB4,5,,,,data/results/dock_5HT2B_4IB4/poses.sdf
5HT2B_4IB4,6,,,,data/results/dock_5HT2B_4IB4/poses.sdf
5HT2B_4IB4,7,,,,data/results/dock_5HT2B_4IB4/poses.sdf
5HT2B_4IB4,8,,,,data/results/dock_5HT2B_4IB4/poses.sdf
5HT2B_4IB4,9,,,,data/results/dock_5HT2B_4IB4/poses.sdf
5HT2B_4IB4,10,,,,data/results/dock_5HT2B_4IB4/poses.sdf
5HT2B_4IB4,11,,,,data/results/dock_5HT2B_4IB4/poses.sdf
5HT2B_4IB4,12,,,,data/results/dock_5HT2B_4IB4/poses.sdf
5HT2B_4IB4,13,,,,data/results/dock_5HT2B_4IB4/poses.sdf
5HT2B_4IB4,14,,,,data/results/dock_5HT2B_4IB4/poses.sdf
5HT2B_4IB4,15,,,,data/results/dock_5HT2B_4IB4/poses.sdf
5HT2B_4IB4,16,,,,data/results/dock_5HT2B_4IB4/poses.sdf
5HT2B_4IB4,17,,,,data/results/dock_5HT2B_4IB4/poses.sdf
5HT2B_4IB4,18,,,,data/results/dock_5HT2B_4IB4/poses.sdf
5HT2B_4IB4,19,,,,data/results/dock_5HT2B_4IB4/poses.sdf
5HT2B_4IB4,20,,,,data/results/dock_5HT2B_4IB4/poses.sdf
5HT2B_4IB4,21,,,,data/results/dock_5HT2B_4IB4/poses.sdf
5HT2B_4IB4,22,,,,data/results/dock_5HT2B_4IB4/poses.sdf
5HT2B_4IB4,23,,,,data/results/dock_5HT2B_4IB4/poses.sdf
5HT2B_4IB4,24,,,,data/results/dock_5HT2B_4IB4/poses.sdf
5HT2B_4IB4,25,,,,data/results/dock_5HT2B_4IB4/poses.sdf
5HT2B_4IB4,26,,,,data/results/dock_5HT2B_4IB4/poses.sdf
5HT2B_4IB4,27,,,,data/results/dock_5HT2B_4IB4/poses.sdf
5HT2B_4IB4,28,,,,data/results/dock_5HT2B_4IB4/poses.sdf
5HT2B_4IB4,29,,,,data/results/dock_5HT2B_4IB4/poses.sdf
5HT2B_4IB4,30,,,,data/results/dock_5HT2B_4IB4/poses.sdf
5HT2B_4IB4,31,,,,data/results/dock_5HT2B_4IB4/poses.sdf
5HT2B_4IB4,32,,,,data/results/dock_5HT2B_4IB4/poses.sdf
5HT2B_4IB4,33,,,,data/results/dock_5HT2B_4IB4/poses.sdf
5HT2B_4IB4,34,,,,data/results/dock_5HT2B_4IB4/poses.sdf
5HT2B_4IB4,35,,,,data/results/dock_5HT2B_4IB4/poses.sdf
5HT2B_4IB4,36,,,,data/results/dock_5HT2B_4IB4/poses.sdf
5HT2B_4IB4,37,,,,data/results/dock_5HT2B_4IB4/poses.sdf
5HT2B_4IB4,38,,,,data/results/dock_5HT2B_4IB4/poses.sdf
5HT2B_4IB4,39,,,,data/results/dock_5HT2B_4IB4/poses.sdf
5HT2B_4IB4,40,,,,data/results/dock_5HT2B_4IB4/poses.sdf
5HT2B_4IB4,41,,,,data/results/dock_5HT2B_4IB4/poses.sdf
5HT2B_4IB4,42,,,,data/results/dock_5HT2B_4IB4/poses.sdf
5HT2B_4IB4,43,,,,data/results/dock_5HT2B_4IB4/poses.sdf
5HT2B_4IB4,44,,,,data/results/dock_5HT2B_4IB4/poses.sdf
5HT2B_4IB4,45,,,,data/results/dock_5HT2B_4IB4/poses.sdf
5HT2B_4IB4,46,,,,data/results/dock_5HT2B_4IB4/poses.sdf
5HT2B_4IB4,47,,,,data/results/dock_5HT2B_4IB4/poses.sdf
5HT2B_4IB4,48,,,,data/results/dock_5HT2B_4IB4/poses.sdf
5HT2B_4IB4,49,,,,data/results/dock_5HT2B_4IB4/poses.sdf
5HT2B_4IB4,50,,,,data/results/dock_5HT2B_4IB4/poses.sdf
5HT2B_4IB4,51,,,,data/results/dock_5HT2B_4IB4/poses.sdf
5HT2B_4IB4,52,,,,data/results/dock_5HT2B_4IB4/poses.sdf
5HT2B_4IB4,53,,,,data/results/dock_5HT2B_4IB4/poses.sdf
5HT2B_4IB4,54,,,,data/results/dock_5HT2B_4IB4/poses.sdf
5HT2B_4IB4,55,,,,data/results/dock_5HT2B_4IB4/poses.sdf
5HT2B_4IB4,56,,,,data/results/dock_5HT2B_4IB4/poses.sdf
5HT2B_4IB4,57,,,,data/results/dock_5HT2B_4IB4/poses.sdf
5HT2B_4IB4,58,,,,data/results/dock_5HT2B_4IB4/poses.sdf
5HT2B_4IB4,59,,,,data/results/dock_5HT2B_4IB4/poses.sdf
5HT2B_4IB4,60,,,,data/results/dock_5HT2B_4IB4/poses.sdf
5HT2B_4IB4,61,,,,data/results/dock_5HT2B_4IB4/poses.sdf
5HT2B_4IB4,62,,,,data/results/dock_5HT2B_4IB4/poses.sdf
5HT2B_4IB4,63,,,,data/results/dock_5HT2B_4IB4/poses.sdf
5HT2B_4IB4,64,,,,data/results/dock_5HT2B_4IB4/poses.sdf
5HT2B_4IB4,65,,,,data/results/dock_5HT2B_4IB4/poses.sdf
5HT2B_4IB4,66,,,,data/results/dock_5HT2B_4IB4/poses.sdf
5HT2B_4IB4,67,,,,data/results/dock_5HT2B_4IB4/poses.sdf
5HT2B_4IB4,68,,,,data/results/dock_5HT2B_4IB4/poses.sdf
5HT2B_4IB4,69,,,,data/results/dock_5HT2B_4IB4/poses.sdf
5HT2B_4IB4,70,,,,data/results/dock_5HT2B_4IB4/poses.sdf
5HT2B_4IB4,71,,,,data/results/dock_5HT2B_4IB4/poses.sdf
5HT2B_4IB4,72,,,,data/results/dock_5HT2B_4IB4/poses.sdf
5HT2B_4IB4,73,,,,data/results/dock_5HT2B_4IB4/poses.sdf
5HT2B_4IB4,74,,,,data/results/dock_5HT2B_4IB4/poses.sdf
5HT2B_4IB4,75,,,,data/results/dock_5HT2B_4IB4/poses.sdf
5HT2B_4IB4,76,,,,data/results/dock_5HT2B_4IB4/poses.sdf
5HT2B_4IB4,77,,,,data/results/dock_5HT2B_4IB4/poses.sdf
5HT2B_4IB4,78,,,,data/results/dock_5HT2B_4IB4/poses.sdf
5HT2B_4IB4,79,,,,data/results/dock_5HT2B_4IB4/poses.sdf
5HT2B_4IB4,80,,,,data/results/dock_5HT2B_4IB4/poses.sdf
5HT2B_4IB4,81,,,,data/results/dock_5HT2B_4IB4/poses.sdf
5HT2B_4IB4,82,,,,data/results/dock_5HT2B_4IB4/poses.sdf
5HT2B_4IB4,83,,,,data/results/dock_5HT2B_4IB4/poses.sdf
5HT2B_4IB4,84,,,,data/results/dock_5HT2B_4IB4/poses.sdf
5HT2B_4IB4,85,,,,data/results/dock_5HT2B_4IB4/poses.sdf
5HT2B_4IB4,86,,,,data/results/dock_5HT2B_4IB4/poses.sdf
5HT2B_4IB4,87,,,,data/results/dock_5HT2B_4IB4/poses.sdf
5HT2B_4IB4,88,,,,data/results/dock_5HT2B_4IB4/poses.sdf
5HT2B_4IB4,89,,,,data/results/dock_5HT2B_4IB4/poses.sdf
5HT2B_4IB4,90,,,,data/results/dock_5HT2B_4IB4/poses.sdf
5HT2B_4IB4,91,,,,data/results/dock_5HT2B_4IB4/poses.sdf
5HT2B_4IB4,92,,,,data/results/dock_5HT2B_4IB4/poses.sdf
5HT2B_4IB4,93,,,,data/results/dock_5HT2B_4IB4/poses.sdf
5HT2B_4IB4,94,,,,data/results/dock_5HT2B_4IB4/poses.sdf
5HT2B_4IB4,95,,,,data/results/dock_5HT2B_4IB4/poses.sdf
5HT2B_4IB4,96,,,,data/results/dock_5HT2B_4IB4/poses.sdf
5HT2B_4IB4,97,,,,data/results/dock_5HT2B_4IB4/poses.sdf
5HT2B_4IB4,98,,,,data/results/dock_5HT2B_4IB4/poses.sdf
5HT2B_4IB4,99,,,,data/results/dock_5HT2B_4IB4/poses.sdf
5HT2B_4IB4,100,,,,data/results/dock_5HT2B_4IB4/poses.sdf
5HT2B_4IB4,101,,,,data/results/dock_5HT2B_4IB4/poses.sdf
5HT2B_4IB4,102,,,,data/results/dock_5HT2B_4IB4/poses.sdf
5HT2B_4IB4,103,,,,data/results/dock_5HT2B_4IB4/poses.sdf
5HT2B_4IB4,104,,,,data/results/dock_5HT2B_4IB4/poses.sdf
5HT2B_4IB4,105,,,,data/results/dock_5HT2B_4IB4/poses.sdf
5HT2B_4IB4,106,,,,data/results/dock_5HT2B_4IB4/poses.sdf
5HT2B_4IB4,107,,,,data/results/dock_5HT2B_4IB4/poses.sdf
5HT2B_4IB4,108,,,,data/results/dock_5HT2B_4IB4/poses.sdf
5HT2B_4IB4,109,,,,data/results/dock_5HT2B_4IB4/poses.sdf
5HT2B_4IB4,110,,,,data/results/dock_5HT2B_4IB4/poses.sdf
5HT2B_4IB4,111,,,,data/results/dock_5HT2B_4IB4/poses.sdf
5HT2B_4IB4,112,,,,data/results/dock_5HT2B_4IB4/poses.sdf
5HT2B_4IB4,113,,,,data/results/dock_5HT2B_4IB4/poses.sdf
5HT2B_4IB4,114,,,,data/results/dock_5HT2B_4IB4/poses.sdf
5HT2B_4IB4,115,,,,data/results/dock_5HT2B_4IB4/poses.sdf
5HT2B_4IB4,116,,,,data/results/dock_5HT2B_4IB4/poses.sdf
5HT2B_4IB4,117,,,,data/results/dock_5HT2B_4IB4/poses.sdf
5HT2B_4IB4,118,,,,data/results/dock_5HT2B_4IB4/poses.sdf
5HT2B_4IB4,119,,,,data/results/dock_5HT2B_4IB4/poses.sdf
5HT2B_4IB4,120,,,,data/results/dock_5HT2B_4IB4/poses.sdf
